object,init,strategy,seed,psnr,ssim,lpips,precision@0.5%,recall@0.5%,fscore@0.5%,chamfer,precision@1%,recall@1%,fscore@1%,precision@2%,recall@2%,fscore@2%,num_gs,round,n_views,train_s,signal_s,ig_s,ig_gains,select_s
bookcase,biased,fps,0,13.97086861928304,0.8618336617946625,0.24087712063143651,0.170635,0.6568825797798021,0.27089976512777486,0.2720724546881823,0.205825,0.8308109316492484,0.3299165209036299,0.25851,0.9521824177052478,0.40662462769451385,133192,0,10,76.9265398979187,1.190056324005127,,,0.0012941360473632812
bookcase,biased,fps,0,26.000069411595664,0.9584398021300634,0.05289166395862897,0.55222,0.7471245738556977,0.6350542273021619,0.10779777056917005,0.646275,0.9190689096294641,0.7589019332005861,0.756515,0.9972559101324541,0.8603621493492263,101647,1,15,79.64059901237488,1.4484727382659912,,,0.0017528533935546875
bookcase,biased,fps,0,33.610795402526854,0.9788094371557235,0.01927081337198615,0.82406,0.8300564466551166,0.8270473542703766,0.006366362140108413,0.944425,0.9876208573185045,0.9655400513811553,0.996655,1.0,0.9983246980575011,98464,2,20,80.80472207069397,1.3378620147705078,,,0.002204418182373047
bookcase,biased,fps,0,35.2255469640096,0.9824218879143397,0.016205230203922838,0.90221,0.9027217347566088,0.9024657948347128,0.005152399726372032,0.97354,0.9983904320125189,0.9858086323963147,0.995895,1.0,0.997943278579284,106572,3,25,81.92898654937744,1.2405059337615967,,,0.0018401145935058594
bookcase,biased,fps,0,35.94465888341268,0.9846885293722153,0.014838467255079498,0.889465,0.8935337841614039,0.8914947496197257,0.0052663395794307535,0.96932,0.9984574973453306,0.983673024650845,0.996155,1.0,0.9980737968744913,111099,4,30,81.84918689727783,,,,
bookcase,biased,fps,1,13.43563404083252,0.8545016874869664,0.27412968936065835,0.14685,0.6541496674677248,0.2398549776464322,0.2904617171286554,0.177705,0.8235399318169117,0.29233039575632114,0.221485,0.935483149835131,0.3581697308966708,133502,0,10,78.79469299316406,1.1507728099822998,,,0.003703594207763672
bookcase,biased,fps,1,25.212473011016847,0.9557880848646164,0.056520041264593604,0.58684,0.7985860392332197,0.6765315765582091,0.13601885875726533,0.668865,0.9596099033141452,0.788282922474241,0.76533,1.0,0.8670673471815467,105334,1,15,76.59343361854553,1.265838623046875,,,0.0028531551361083984
bookcase,biased,fps,1,33.014027150472,0.9772102296352386,0.020578387697848182,0.841975,0.8512043816017437,0.8465645365007203,0.006090360082571012,0.955375,0.9917956742860337,0.9732447235714984,0.99707,1.0,0.9985328506261674,99325,2,20,75.87662410736084,1.2675511837005615,,,0.0020525455474853516
bookcase,biased,fps,1,34.51270577112834,0.9808842231829961,0.01744569099973887,0.88348,0.889057173196222,0.8862598124913303,0.005500398891849527,0.96959,0.9954339685910691,0.9823420345332894,0.9966,1.0,0.9982971050786338,103528,3,25,81.36189460754395,1.4801745414733887,,,0.002226591110229492
bookcase,biased,fps,1,35.92742338180542,0.9844553182522456,0.014713715311760705,0.92572,0.9262169563516459,0.9259684114981711,0.004910801893436588,0.97894,0.9969429385793327,0.9878594538546517,0.996555,1.0,0.9982745278742634,110478,4,30,81.36909818649292,,,,
bookcase,biased,ig,0,13.94712929725647,0.8613060732682546,0.24269818129638832,0.167915,0.6499524953892584,0.2668813074943012,0.2719918613985349,0.201035,0.8245906220309618,0.3232594274931054,0.25499,0.9478622925166266,0.40187046651112196,130612,0,10,77.56285262107849,1.3402695655822754,1.4065611362457275,"[11455, 4258, 3181, 2498, 1965]",1.4183580875396729
bookcase,biased,ig,0,25.712305863698322,0.9442310740550359,0.0809688377349327,0.50869,0.772173475660873,0.613331448351687,0.12989104108247398,0.59542,0.9518750349298608,0.73258870545478,0.70288,1.0,0.8255191205487175,129854,1,15,79.07967686653137,1.2263970375061035,1.0632431507110596,"[1007, 226, 166, 104, 93]",1.0683963298797607
bookcase,biased,ig,0,31.335878817240395,0.972857196132342,0.025422762248975536,0.733095,0.7589839602079025,0.745814881313096,0.008583940938938734,0.858265,0.9246241546973677,0.8902096331008748,0.99434,0.9997876264460962,0.9970563722163888,98572,2,20,78.95685935020447,1.2440905570983887,1.077544927597046,"[86, 22, 16, 15, 15]",1.0889313220977783
bookcase,biased,ig,0,33.6372044245402,0.9795123726129532,0.01895546498708427,0.793765,0.8181802939697088,0.8057877441280833,0.007248916106197149,0.89546,0.963795897837143,0.9283721253015426,0.99552,1.0,0.9977549711353432,96100,3,25,75.88548707962036,1.372298002243042,1.318016767501831,"[24, 8, 7, 5, 4]",1.327214002609253
bookcase,biased,ig,0,33.65687023798625,0.9801637401183446,0.019134708928565183,0.78584,0.8157882970994244,0.8005341520921134,0.007345379086440008,0.896575,0.9565528418934779,0.9255933075230792,0.994355,1.0,0.9971695109446412,101112,4,30,72.4072618484497,,,,
bookcase,biased,ig,1,13.383957735697429,0.8533980151017507,0.27510838912179075,0.14741,0.6569887665567541,0.24079279607224047,0.28898390262489243,0.1788,0.8326328731906332,0.2943838620883455,0.224925,0.9403118537975744,0.3630157131164018,134265,0,10,81.41367697715759,1.177391529083252,1.2445712089538574,"[12972, 8237, 3899, 2812, 2529]",1.2607038021087646
bookcase,biased,ig,1,26.139763355255127,0.9577375411987304,0.04929830551457902,0.66302,0.7459173978650869,0.7020299892413906,0.028552574593279447,0.79356,0.9169954730900353,0.8508241200863134,0.92434,0.9986083943441569,0.9600399947736464,89011,1,15,78.0243787765503,1.3867788314819336,1.3646388053894043,"[237, 148, 27, 21, 20]",1.3706271648406982
bookcase,biased,ig,1,32.34051036834717,0.9734489868084589,0.023858103404442468,0.7665,0.7975241714637009,0.7817043861346925,0.007736779446868118,0.882905,0.9437098306600347,0.9122953718029593,0.9906,0.9982004135695524,0.9943856838879501,96139,2,20,80.78903150558472,1.299062728881836,1.1771037578582764,"[27, 17, 15, 14, 10]",1.1857640743255615
bookcase,biased,ig,1,33.78245388666789,0.9771633595228195,0.020502219325862825,0.83561,0.8519309227072039,0.8436915380770076,0.006420919550929525,0.933875,0.9777622533951825,0.9553148462321416,0.993515,0.9994802436707092,0.9964886945355621,100897,3,25,77.2855749130249,1.2890493869781494,1.344635248184204,"[11, 8, 6, 5, 4]",1.3528025150299072
bookcase,biased,ig,1,34.19945367177328,0.9785592257976532,0.019276010803878307,0.82462,0.841351366456156,0.8329016665909598,0.006382017201911066,0.935955,0.9784608506119712,0.9567360457674648,0.99556,1.0,0.9977750606346089,103056,4,30,75.8844985961914,,,,
bookcase,biased,ours,0,13.923822816212972,0.8618748893340429,0.24099698426822821,0.168055,0.6485441234002124,0.26693901459065505,0.27145428673668986,0.201475,0.8240038003688593,0.323782735673523,0.25492,0.9516514838204885,0.40212287379338024,130536,0,10,78.20964121818542,1.2074167728424072,,,1.2079272270202637
bookcase,biased,ours,0,15.80174724260966,0.8869652817646663,0.19535399354062974,0.199965,0.6646062706086179,0.3074309716738523,0.25650524047658513,0.23936,0.8375454088190912,0.3723165793637783,0.293575,0.9351310568378696,0.446862125377156,129532,1,15,77.88370323181152,1.229877233505249,,,1.2313663959503174
bookcase,biased,ours,0,17.497956434885662,0.9032991588115692,0.15927246098096173,0.239725,0.6871681663220254,0.35544849106011384,0.23614198319014584,0.288525,0.8739730620913206,0.4338296741523333,0.359205,0.9791538590510256,0.5255944017732456,107862,2,20,77.88238954544067,1.0725088119506836,,,1.0736253261566162
bookcase,biased,ours,0,19.57992170651754,0.9177223881085713,0.1295798609809329,0.30995,0.714066953557257,0.4322683359610933,0.2013344117064027,0.37054,0.8907505728497178,0.5233666600996006,0.442305,0.9812049404795171,0.6097489576400152,107205,3,25,80.77611804008484,1.1892130374908447,,,1.1911256313323975
bookcase,biased,ours,0,23.790595912933348,0.944404927889506,0.0798763328542312,0.46541,0.6944223998211592,0.5573066059382379,0.06375681622665998,0.55214,0.8582238864360364,0.6719680519532132,0.65722,0.9619348348516179,0.7809047023215867,93732,4,30,80.30138540267944,,,,
bookcase,biased,ours,1,13.382613913218181,0.8543967545032501,0.27356868361433345,0.14659,0.6500307382775387,0.23923054308161013,0.29017908993078034,0.17864,0.8256469010227463,0.2937279421816591,0.2235,0.9396859106913318,0.36111132211821373,134499,0,10,77.92302441596985,1.3439598083496094,,,1.346832036972046
bookcase,biased,ours,1,17.77087400754293,0.9019593179225922,0.16557513577863575,0.306515,0.7316883697535349,0.4320414808675612,0.22235997544506134,0.36585,0.9205443469513217,0.5236048341323831,0.43793,0.9882020902028726,0.6069049905482202,140951,1,15,83.53160429000854,1.18449068069458,,,1.1856300830841064
bookcase,biased,ours,1,23.245605802536012,0.9397700091203054,0.09309607970838746,0.47549,0.7399988822444531,0.5789638616334958,0.10149314305650942,0.559855,0.9298161292125412,0.6988954794276815,0.66866,0.9951489409266193,0.7998710362373763,94422,2,20,79.83544039726257,1.4552700519561768,,,1.456160068511963
bookcase,biased,ours,1,26.05943988164266,0.9534047255913417,0.06713923875552913,0.54853,0.7353769630581791,0.6283575635192258,0.042135322197846395,0.64514,0.928061253003968,0.7611606405979259,0.75751,0.9940703068238976,0.8598157848527108,90852,3,25,74.69900918006897,1.1568477153778076,,,1.160306453704834
bookcase,biased,ours,1,27.83715311686198,0.9615179697672526,0.049787931128715476,0.612,0.7497010003912145,0.673888044596583,0.022207777239522265,0.70431,0.9377410160397921,0.8044334415380684,0.80765,0.9978539093500252,0.8927332759713325,92283,4,30,77.58210062980652,,,,
bookcase,biased,random,0,14.025519879659017,0.861648228764534,0.24235452966143686,0.168665,0.6501648689431622,0.26784576816142097,0.2700701729435773,0.202695,0.8269155535684346,0.3255826148044884,0.254585,0.946677471636953,0.40126098967908486,130811,0,10,80.15532732009888,0.9754698276519775,,,8.153915405273438e-05
bookcase,biased,random,0,21.892721954981486,0.9353539695342382,0.10487768001233538,0.442305,0.8030011736433242,0.5704162424076079,0.20163269306618203,0.51108,0.9717822612194713,0.669864613933336,0.56408,0.9968423405801151,0.7204699591466589,110650,1,15,76.41317439079285,1.0590729713439941,,,9.989738464355469e-05
bookcase,biased,random,0,27.637138716379802,0.9639586637417475,0.050168993735375506,0.621805,0.8191695076286816,0.7069711407029389,0.09445603053356114,0.70902,0.9659922874867266,0.817794420722142,0.782985,0.9961381545855922,0.8767928526565378,100375,2,20,80.11753106117249,1.1828389167785645,,,8.440017700195312e-05
bookcase,biased,random,0,33.3005978902181,0.9785801062981287,0.02238749638199806,0.839355,0.8787179343877494,0.8585855432043857,0.009698755802143296,0.921695,0.9912312077348684,0.9551992589353622,0.97717,1.0,0.9884531932003823,98025,3,25,76.96237516403198,1.1880505084991455,,,8.153915405273438e-05
bookcase,biased,random,0,34.32137409845988,0.9814998735984166,0.0191309020233651,0.834605,0.8538031632481976,0.8440949345943323,0.006714945306701626,0.93691,0.991169731179791,0.9632763809735457,0.992985,1.0,0.9964801541406483,99185,4,30,76.18307638168335,,,,
bookcase,biased,random,1,13.391813437143961,0.8545036077499389,0.27377782023201386,0.144525,0.6453305762029844,0.2361606459096969,0.29252815601391,0.175585,0.8269099647907002,0.2896632726690818,0.22072,0.9405465824624155,0.3575362364099085,134538,0,10,77.80279922485352,1.0940828323364258,,,9.584426879882812e-05
bookcase,biased,random,1,20.010616954167684,0.9206873595714569,0.13001005581269662,0.461065,0.8223383446040351,0.5908531101293615,0.19426484266268249,0.5287,0.981601743698653,0.6872439154079759,0.573955,0.9993740568937574,0.72914910496462,107840,1,15,81.11889147758484,1.0736846923828125,,,0.0002560615539550781
bookcase,biased,random,1,27.21029135386149,0.9610801388820013,0.0494466796827813,0.727785,0.8530822109204717,0.785468169098472,0.05453948152976482,0.82098,0.9877829318727994,0.8966902374201913,0.87417,1.0,0.9328609464456267,101973,2,20,81.57934713363647,1.302126407623291,,,8.273124694824219e-05
bookcase,biased,random,1,31.133594385782878,0.9747056057055791,0.02864739823465546,0.809065,0.8623204605152853,0.8348442892062826,0.017357953271132775,0.911785,0.9880232493153748,0.9483744253680965,0.967475,1.0,0.9834686590680949,99164,3,25,76.45252633094788,1.3413457870483398,,,9.870529174804688e-05
bookcase,biased,random,1,33.59011901219686,0.979115770260493,0.022065581078641115,0.833235,0.8556642262337227,0.8443006787750045,0.00892840127852761,0.9426,0.9890404068630191,0.9652619444041202,0.98799,1.0,0.9939587221263689,101980,4,30,78.53512954711914,,,,
bookcase,uniform,fps,0,29.410083389282228,0.9642613351345062,0.03443569961430815,0.84648,0.8859051025540714,0.8657439389248782,0.011594775160152258,0.930865,0.9909405912926843,0.9599638149592431,0.96653,1.0,0.9829801731984764,86115,0,10,65.4714584350586,0.9973781108856201,,,0.0018570423126220703
bookcase,uniform,fps,0,32.18121226628622,0.9751339306433996,0.02369954853784293,0.83585,0.8626110769574694,0.8490197137357838,0.009572497447184636,0.91768,0.9832224892416028,0.9493213029430199,0.97434,1.0,0.9870032517195619,93776,1,15,57.657713890075684,1.1700730323791504,,,0.0024716854095458984
bookcase,uniform,fps,0,34.55039822260539,0.981278732419014,0.017145609684909382,0.865105,0.8698373665679316,0.8674647290945458,0.005752793991804223,0.955215,0.984669982674789,0.9697188708619229,0.996,1.0,0.9979959919839679,99398,2,20,61.73199415206909,1.172192096710205,,,0.001743316650390625
bookcase,uniform,fps,0,35.43873643875122,0.9833650380373001,0.01566608912156274,0.87649,0.879271223383446,0.8778784088854968,0.005522375108330049,0.96511,0.9931872799418767,0.978947359588994,0.996125,1.0,0.9980587388064375,104999,3,25,61.40472340583801,0.7021677494049072,,,0.0007331371307373047
bookcase,uniform,fps,0,36.24959456125895,0.9849412908156713,0.014567380902978282,0.911595,0.9129324316771922,0.9122632256504356,0.005032607951888371,0.971165,0.9948303805957637,0.9828552560266036,0.99636,1.0,0.9981766815604399,114127,4,30,56.784573554992676,,,,
bookcase,uniform,fps,1,21.938207832972207,0.9390259971221288,0.10201996698354682,0.48577,0.8799139328228917,0.6259659074466214,0.2004434223068726,0.52848,0.994366512043816,0.6901586077504781,0.559125,1.0,0.717229215104626,97760,0,10,58.166306495666504,0.7469990253448486,,,0.0009326934814453125
bookcase,uniform,fps,1,30.793183199564616,0.9736230611801148,0.03014992825531711,0.84346,0.8890851170848936,0.8656718090183845,0.027279053569898806,0.918855,0.9937629240485106,0.9548420728419715,0.95042,1.0,0.9745798340870172,101533,1,15,62.69348073005676,1.088700294494629,,,0.0017638206481933594
bookcase,uniform,fps,1,34.916341400146486,0.9817963610092799,0.015602941605417678,0.91298,0.9145978874420164,0.9137882275929041,0.005080847193095832,0.972015,0.9977644889062762,0.9847214423201661,0.996965,1.0,0.9984801936939306,104495,2,20,61.897934675216675,0.9936971664428711,,,0.0009274482727050781
bookcase,uniform,fps,1,36.24097385406494,0.9851566990216573,0.013453113788273185,0.9297,0.9285810093332588,0.9291401677584583,0.00483475080246968,0.98006,0.9978594981277594,0.9888796593196055,0.99574,1.0,0.9978654534157755,108300,3,25,62.88710379600525,1.1618940830230713,,,0.0008635520935058594
bookcase,uniform,fps,1,37.07266394297282,0.9862017959356308,0.012530237129734207,0.94954,0.9455485385346225,0.9475400658318766,0.004464772704152234,0.98471,0.9990499077851673,0.9918281247991334,0.996525,1.0,0.9982594758392707,112824,4,30,64.20920395851135,,,,
bookcase,uniform,ig,0,29.38574301401774,0.9643020490805309,0.03448304363604014,0.84519,0.8838093109037054,0.8640683507181632,0.01219295641993103,0.926315,0.9911026658469793,0.9576142770213864,0.963835,1.0,0.9815845017529476,85840,0,10,79.48877573013306,1.0486366748809814,1.0148062705993652,"[299, 94, 71, 31, 22]",1.034855842590332
bookcase,uniform,ig,0,33.02498795191447,0.9755761424700419,0.02002094907608504,0.84086,0.8564745990051975,0.8485954763917531,0.006364108832157168,0.936555,0.9803778013748393,0.957965486435506,0.99506,0.9997261498910188,0.9973876174796035,90945,1,15,77.25828337669373,1.2230329513549805,1.2042629718780518,"[27, 18, 9, 6, 6]",1.2149484157562256
bookcase,uniform,ig,0,33.81906534830729,0.9780590971310933,0.019047216752854486,0.83958,0.8510534846029173,0.84527780989827,0.006461225310969836,0.92779,0.9689263957972392,0.9479121103699473,0.995325,1.0,0.9976570232919449,94864,2,20,78.13445973396301,1.1346828937530518,1.2142367362976074,"[6, 6, 5, 4, 3]",1.2200019359588623
bookcase,uniform,ig,0,34.23546425501505,0.9791415562232335,0.018453504234397164,0.829915,0.8408148437936623,0.8353293665988973,0.0064146672706734895,0.93485,0.9701279830101157,0.9521623378386214,0.993595,1.0,0.9967872110433664,101007,3,25,75.55063104629517,1.2963652610778809,1.2524821758270264,"[8, 7, 3, 2, 2]",1.2605350017547607
bookcase,uniform,ig,0,34.96181716918945,0.9805680563052496,0.017341975246866544,0.85911,0.8681495556921701,0.8636061237383853,0.0058439425802567346,0.95997,0.9812049404795171,0.9704713233928759,0.995015,1.0,0.9975012719202613,98981,4,30,76.97962379455566,,,,
bookcase,uniform,ig,1,21.780187352498373,0.9384740730126698,0.10211522029712797,0.479685,0.8793326999385235,0.6207464497174559,0.20147383371031585,0.52324,0.9918012630637679,0.6850639722327396,0.552055,1.0,0.7113858722790107,98228,0,10,77.0158760547638,1.119497299194336,1.0855913162231445,"[2894, 721, 613, 375, 228]",1.097078561782837
bookcase,uniform,ig,1,32.53610750834147,0.9750097135702769,0.022828066799168784,0.878315,0.890538199295814,0.8843843670304448,0.007167059261565474,0.966685,0.9899681439669145,0.9781880433958392,0.986635,1.0,0.9932725437737682,104433,1,15,81.24733376502991,1.2193272113800049,1.1493916511535645,"[89, 43, 21, 13, 11]",1.1574416160583496
bookcase,uniform,ig,1,33.80443716049194,0.979189756512642,0.017912881852438053,0.8436,0.8637008886156597,0.8535321155100669,0.006074468737994441,0.96019,0.981942659140446,0.9709445103480773,0.99538,1.0,0.9976846515450691,101519,2,20,80.8368980884552,1.3055715560913086,1.1876139640808105,"[8, 7, 6, 5, 5]",1.193603754043579
bookcase,uniform,ig,1,34.68584947586059,0.9817068050305049,0.016119798583288988,0.83788,0.8531660425864863,0.8454539329620944,0.006071881357714533,0.95885,0.9853853462247807,0.9719365930284806,0.99614,1.0,0.9980662678970413,100888,3,25,76.97056794166565,1.2941498756408691,1.230696201324463,"[11, 7, 6, 3, 3]",1.238110065460205
bookcase,uniform,ig,1,35.592223930358884,0.9834118117888768,0.014870049109837661,0.870695,0.8863242608841446,0.8784401167488468,0.0056553785397109755,0.959175,0.9870284468786676,0.9729024085875729,0.99643,1.0,0.9982118080774182,103743,4,30,75.99159073829651,,,,
bookcase,uniform,ours,0,29.407446988423665,0.9640149861574173,0.034826660598628226,0.843475,0.8821885653607556,0.8623975322931571,0.011775039939331912,0.93072,0.9910803107360421,0.9599522506633028,0.965065,1.0,0.9822219621233902,86082,0,10,78.91249823570251,1.1909778118133545,,,1.1947486400604248
bookcase,uniform,ours,0,32.457100518544515,0.9719262460867564,0.023828648645818854,0.929285,0.9308276979824512,0.9300557092673347,0.004884827827391374,0.97632,0.9976862460179958,0.9868874910372596,0.995595,1.0,0.9977926382858245,101367,1,15,72.1782341003418,1.1803247928619385,,,1.181229591369629
bookcase,uniform,ours,0,32.80238110224406,0.9729990144570668,0.02349169730441645,0.92311,0.9265522830157045,0.9248279384062728,0.005056960362502308,0.97129,0.9966970323590231,0.9838295117214845,0.996065,1.0,0.9980286213124322,108376,2,20,67.86304473876953,0.6909825801849365,,,0.6913280487060547
bookcase,uniform,ours,0,32.90424003601074,0.9731732904911041,0.02393180877552368,0.91413,0.9206784776169452,0.9173925529677914,0.0052116050586068574,0.966595,0.9965684904711339,0.9813529282940886,0.99694,1.0,0.9984676555129348,111204,3,25,63.3485221862793,0.9724621772766113,,,0.9730865955352783
bookcase,uniform,ours,0,33.42725598017375,0.9744763414065043,0.023056678652452926,0.92439,0.9306768009836249,0.9275227475421217,0.005048495756519467,0.96702,0.9973285642430001,0.9819404618405191,0.99667,1.0,0.9983322231515473,113294,4,30,63.22720694541931,,,,
bookcase,uniform,ours,1,21.870495494206747,0.9390574047962824,0.10234852125868202,0.480175,0.8753143687475549,0.6201510490660797,0.1992281880909091,0.524445,0.9930755043871905,0.6864005875276876,0.55408,1.0,0.7130649644805931,97874,0,10,60.093305587768555,0.5739917755126953,,,0.5744509696960449
bookcase,uniform,ours,1,27.63175253868103,0.9623865226904551,0.054009384910265607,0.638325,0.8668250153691388,0.7352304717610549,0.11555574215264207,0.702465,0.9915274129547867,0.8223334400021005,0.749215,1.0,0.8566299740169161,109212,1,15,63.48416805267334,0.9096312522888184,,,0.9102225303649902
bookcase,uniform,ours,1,30.904925632476807,0.9737935761610667,0.029842303794187803,0.759415,0.8220924383837255,0.7895117202018483,0.028106261563667138,0.877105,0.9948415581512323,0.9322707435879074,0.939915,1.0,0.969026993450744,98859,2,20,62.17190742492676,0.9825022220611572,,,0.983290433883667
bookcase,uniform,ours,1,33.190375328063965,0.9778603931268056,0.020295578986406326,0.819915,0.8413625440116247,0.8305003251984775,0.006726894812488548,0.915755,0.9860727658861007,0.9496139260573887,0.99269,1.0,0.9963315919686453,100981,3,25,62.532795906066895,0.5183391571044922,,,0.5187735557556152
bookcase,uniform,ours,1,34.956672286987306,0.9818128685156504,0.01651454243498544,0.88121,0.8847873470072095,0.8829950502219414,0.005579349380209882,0.95998,0.9940200078242888,0.9767035038793813,0.99652,1.0,0.9982569671227937,108605,4,30,55.178773164749146,,,,
bookcase,uniform,random,0,29.382797781626383,0.964287202556928,0.03459843598927061,0.842085,0.8834404515732409,0.8622671453321951,0.012045171863910123,0.92535,0.991857150841111,0.9574500221618318,0.96381,1.0,0.9815715369613149,85651,0,10,59.20613479614258,0.5827538967132568,,,8.225440979003906e-05
bookcase,uniform,random,0,32.045738474527994,0.972245125969251,0.024592030874919145,0.89165,0.9019951936511484,0.8967927628784651,0.005774523093991889,0.96274,0.994545352931314,0.9783842623122044,0.994935,1.0,0.9974610701601807,93653,1,15,61.59860610961914,0.9815719127655029,,,7.82012939453125e-05
bookcase,uniform,random,0,33.017935784657794,0.9759188721577327,0.022120959707535803,0.859925,0.8683172190241994,0.8641007335082691,0.0059447062977785025,0.951835,0.9857597943329793,0.9685004073949696,0.996095,0.9998994020007824,0.997993575370337,100684,2,20,62.69854545593262,0.8813338279724121,,,0.00012111663818359375
bookcase,uniform,random,0,33.991796334584556,0.9778124084075291,0.020301482919603587,0.877635,0.8823450511373163,0.8799837230592344,0.005572827631349006,0.96642,0.9922930755043872,0.9791856561553871,0.996785,1.0,0.9983899117831915,102602,3,25,63.999082803726196,1.2876827716827393,,,0.00011396408081054688
bookcase,uniform,random,0,34.515286445617676,0.9798522760470708,0.01835956289820994,0.889265,0.8922315989493098,0.8907458294420622,0.0052685129600012065,0.97097,0.9967193874699604,0.9836762141570294,0.99695,1.0,0.9984726708230051,104519,4,30,62.76767182350159,,,,
bookcase,uniform,random,1,21.860039107004802,0.9388614585002263,0.1024268365620325,0.48645,0.8780193371709607,0.6260492558262581,0.1999778088960749,0.52976,0.9926675236125859,0.6908382030050894,0.560215,1.0,0.7181253865653132,97564,0,10,58.97218918800354,0.956392765045166,,,8.869171142578125e-05
bookcase,uniform,random,1,29.271209621429442,0.9686279624700547,0.04155120111536235,0.743435,0.9054378807354831,0.8164779938212472,0.07321873186322826,0.79978,0.9962387525848097,0.8872644880746086,0.830325,1.0,0.9072978842555284,105292,1,15,63.87816524505615,0.9579997062683105,,,8.177757263183594e-05
bookcase,uniform,random,1,31.325423145294188,0.9745164662599564,0.031417445209808645,0.79003,0.9128988990107864,0.8470318609361076,0.05235377234077208,0.84829,0.9975912367965126,0.9169026190772237,0.874495,1.0,0.9330459670471247,103792,2,20,63.00117516517639,1.2028131484985352,,,8.606910705566406e-05
bookcase,uniform,random,1,32.38862180709839,0.9778487235307693,0.0274143764982,0.804615,0.9053931705136087,0.8520344387290278,0.040289363958196794,0.872065,0.9981501145699435,0.9308573894854855,0.898775,1.0,0.9466893128464404,104041,3,25,61.56706953048706,1.2029109001159668,,,8.440017700195312e-05
bookcase,uniform,random,1,33.05999577840169,0.9803297907114029,0.025073066454691192,0.79311,0.8883753423126363,0.8380440197861367,0.03909630854254659,0.874265,0.998211591125021,0.9321360393515842,0.905075,1.0,0.9501725653845648,105303,4,30,47.263577699661255,,,,
chair,biased,fps,0,14.943518527348836,0.8656042615572611,0.3410502791404724,0.14267,0.4071462816210271,0.21129807152167987,0.13859716485372486,0.225245,0.6161482275303872,0.3298916676984302,0.32972,0.7922459742237514,0.4656457479502153,59724,0,10,84.5343086719513,1.4579753875732422,,,0.003722667694091797
chair,biased,fps,0,26.926913277308145,0.9557867348194122,0.11865195110440255,0.343775,0.4544967427169407,0.3914572178033842,0.050891604058385685,0.540455,0.6675385656673906,0.5973120482780873,0.723305,0.818360641868073,0.7679023622127787,55424,1,15,95.47342872619629,1.9216358661651611,,,0.002925395965576172
chair,biased,fps,0,32.4206639289856,0.9705996553103129,0.08830110983302196,0.45378,0.4941834231083787,0.47312068856581185,0.02028531652582147,0.71888,0.7333399137031501,0.7260379673745235,0.88587,0.8463577653064103,0.8656632442551406,60309,2,20,114.48096561431885,1.9518353939056396,,,0.0034723281860351562
chair,biased,fps,0,36.067975203196205,0.9763694365819295,0.07589925844222307,0.4702,0.508883499252658,0.4887775588726432,0.016165103012315902,0.70095,0.7187455935023548,0.7097362646912236,0.89261,0.8534645647085366,0.872598479471754,59747,3,25,135.92065715789795,1.701408863067627,,,0.00449681282043457
chair,biased,fps,0,37.968072700500485,0.9788417687018712,0.06896266837914784,0.49561,0.5312614568938774,0.5128168455428892,0.013702988883783978,0.730745,0.7321906991172904,0.7314671352258352,0.921145,0.8745805014241801,0.897259024662118,57982,4,30,127.70920610427856,,,,
chair,biased,fps,1,15.24858112335205,0.8725137611230215,0.33879820791383586,0.12052,0.3798330466172199,0.18298071366927454,0.1335485839360712,0.20069,0.6082024309766209,0.301795742421098,0.308935,0.8044713612905046,0.4464306449843194,60285,0,10,56.928988456726074,0.7715089321136475,,,0.0007159709930419922
chair,biased,fps,1,24.925740464528403,0.9468760639429092,0.14418484525134165,0.280745,0.42437039961645845,0.3379301257783556,0.06904414117565844,0.441505,0.6254547505569813,0.5176228990840692,0.63631,0.8140528497701571,0.7142901776880675,51770,1,15,54.407756328582764,0.9558424949645996,,,0.0019567012786865234
chair,biased,fps,1,29.39597878456116,0.9638759066661199,0.10382267311215401,0.363375,0.4651357906314335,0.4080060750732837,0.03446763189635059,0.565165,0.6829648326235934,0.6185058790211899,0.78261,0.8432978933416058,0.8118213424152589,51061,2,20,57.08236479759216,0.9674115180969238,,,0.0017232894897460938
chair,biased,fps,1,33.980216375986735,0.9741787989934285,0.08288631575802961,0.403815,0.46140613102456357,0.4306938656919937,0.019182271858558878,0.62544,0.6680461941961138,0.6460413935189919,0.84699,0.8252841309681604,0.835996196011276,54868,3,25,55.10076117515564,0.9070556163787842,,,0.0010690689086914062
chair,biased,fps,1,35.73482001622518,0.9771919588247935,0.07578578448543946,0.4684,0.5143052539552723,0.4902804375636605,0.016892505791904468,0.6867,0.7053075382836516,0.6958794018264719,0.8815,0.8360359852223695,0.858166265294411,57913,4,30,56.97954487800598,,,,
chair,biased,ig,0,14.91870059967041,0.865681674083074,0.34273132470746837,0.13958,0.395632984573733,0.206356921743157,0.13835327905122,0.220325,0.6001156264982092,0.3223157682294675,0.32932,0.7893835133534505,0.46475187664030326,60498,0,10,71.04275226593018,0.9888880252838135,1.1244995594024658,"[13796, 8761, 4621, 3995, 2896]",1.1401996612548828
chair,biased,ig,0,29.05918051401774,0.9606665025154749,0.11101666502654553,0.4518,0.5033489382103274,0.4761834331502941,0.019444853965165175,0.68833,0.7099396486082518,0.69896784044896,0.87874,0.8412109760568544,0.8595660497195069,56510,1,15,68.60379385948181,1.1778526306152344,1.2306983470916748,"[943, 725, 485, 291, 217]",1.236945629119873
chair,biased,ig,0,32.977365811665855,0.9697174648443858,0.086488220654428,0.475325,0.5081714092331989,0.4911997091724951,0.017422823853746983,0.713895,0.7275797399813869,0.7206724114787044,0.88827,0.8476620886093799,0.8674910826174417,56671,2,20,69.34002351760864,1.0912580490112305,1.2946760654449463,"[176, 157, 100, 93, 68]",1.3087971210479736
chair,biased,ig,0,34.185307280222574,0.9733780692021052,0.08002689691881339,0.44534,0.498660424715869,0.4704943509105011,0.017759269653834273,0.66137,0.6981513861078993,0.6792631391434917,0.864755,0.8391734115457289,0.8517721737416449,56003,3,25,67.88093209266663,1.4111008644104004,1.1679725646972656,"[84, 76, 72, 67, 61]",1.175997018814087
chair,biased,ig,0,36.27520176569621,0.9768659909566243,0.07287606050570807,0.462665,0.5267210017202967,0.4926194060502075,0.015385019086539949,0.695135,0.7311260892862179,0.712676434761777,0.901775,0.8674948532107505,0.8843028324192453,55984,4,30,68.46078181266785,,,,
chair,biased,ig,1,15.238405752182008,0.8735487341880799,0.3406570894022783,0.120815,0.38052398544798216,0.18340087899135873,0.1339807565955516,0.1986,0.6097817197326489,0.2996174865976821,0.30079,0.8079472066330128,0.4383769911017035,60085,0,10,70.28245711326599,1.1173489093780518,0.9207668304443359,"[14533, 11417, 4983, 4169, 4162]",0.93135666847229
chair,biased,ig,1,27.148013432820637,0.9524829804897308,0.1323289052893718,0.35441,0.43442426464367295,0.39035906662069725,0.040033838702751526,0.540515,0.624552299839251,0.5795028087977235,0.73256,0.8020953777602301,0.7657523616664853,50117,1,15,70.92458605766296,1.1408870220184326,1.2105183601379395,"[1301, 1187, 366, 308, 239]",1.2156758308410645
chair,biased,ig,1,32.474916744232175,0.9681754569212596,0.08868125192821026,0.37134,0.44631123269127726,0.4053885239115275,0.01833568369570218,0.579065,0.6466059392537861,0.6109745384710721,0.793835,0.8227318875320793,0.8080251710909397,46355,2,20,70.52506899833679,1.2785310745239258,1.0448458194732666,"[181, 159, 139, 131, 125]",1.0504088401794434
chair,biased,ig,1,35.155993684132895,0.9741279741128286,0.07665054202079773,0.37487,0.47336360303449054,0.41839845352677935,0.018241122030935544,0.551835,0.6572590879607434,0.5999509424722169,0.77185,0.8309596999351364,0.8003149025375759,47072,3,25,68.58036041259766,1.0983750820159912,1.027482271194458,"[152, 141, 133, 58, 56]",1.0353400707244873
chair,biased,ig,1,36.61250791549683,0.9770143777132034,0.07342256779472033,0.44461,0.5077201838743337,0.47407396042831945,0.01632958713418235,0.681035,0.7210651738627711,0.70047865314607,0.89092,0.8607123720353084,0.8755557144707071,53663,4,30,67.84434628486633,,,,
chair,biased,ours,0,14.928460439046225,0.8647651463747025,0.3414301197975874,0.138065,0.39423700611974394,0.20450921328174773,0.13937644445789993,0.21817,0.6022659973490511,0.32030864824606287,0.32876,0.7846244958966694,0.4633675971268941,59704,0,10,84.08989357948303,1.470839262008667,,,1.4723167419433594
chair,biased,ours,0,18.1704105536143,0.9092879970868428,0.25096743864317733,0.20885,0.4211131165571505,0.2792210276487896,0.11545069454775614,0.315975,0.6150554161143856,0.41747752112722875,0.43569,0.7781381313629826,0.5586079177005915,57096,1,15,97.59751057624817,1.748204231262207,,,1.7500762939453125
chair,biased,ours,0,23.91540419260661,0.943441417813301,0.16898739710450172,0.37414,0.4628726134408754,0.41380298650661157,0.03533660413995145,0.54904,0.640295834625906,0.5911669602616211,0.71547,0.778702163061564,0.7457481144128392,57604,2,20,113.35337257385254,2.03015398979187,,,2.0321462154388428
chair,biased,ours,0,31.163688755035402,0.9654101818799973,0.1023808429017663,0.49408,0.5381708452015003,0.5151837897410535,0.019354809644102043,0.71607,0.740432612312812,0.7280475520149143,0.8836,0.864724047491469,0.8740601257069769,54292,3,25,137.0260956287384,1.9185984134674072,,,1.920297384262085
chair,biased,ours,0,34.24314047495524,0.9711663832267126,0.08690731978664795,0.51787,0.5432118785075721,0.5302383184950583,0.014877861919903151,0.753455,0.7482867537155589,0.7508619835944768,0.91088,0.8682351448151386,0.8890464802281122,59955,4,30,125.83128595352173,,,,
chair,biased,ours,1,15.250358486175537,0.8740344802538554,0.3379789992546042,0.122865,0.38775064158605715,0.18660212770016246,0.13181189095049262,0.201335,0.6168321159649173,0.30358075176690874,0.30657,0.8111974392960885,0.44497413365630517,59951,0,10,122.69405841827393,2.0041751861572266,,,2.0061702728271484
chair,biased,ours,1,24.048353052139284,0.9402636100848516,0.1623223335792621,0.308255,0.48592740912039256,0.3772170014803225,0.0681794999271327,0.475745,0.7076200682478355,0.5689650952212518,0.628195,0.8632646154713894,0.7272050942454129,56298,1,15,154.01083207130432,2.1948816776275635,,,2.196923017501831
chair,biased,ours,1,27.341311264038087,0.9545437425374985,0.1296364157150189,0.407465,0.48902253306635834,0.4445339373640446,0.02640621174686349,0.610305,0.6826757663780705,0.6444650136080087,0.794695,0.8338080600129727,0.8137818251894853,56487,2,20,136.6141653060913,1.2987987995147705,,,1.3009285926818848
chair,biased,ours,1,33.43364642461141,0.9697555571794509,0.08942070013533036,0.40615,0.47965255647367383,0.4398517127503288,0.016045329062100704,0.634255,0.7038974590371979,0.667264002493198,0.858925,0.8658027581150061,0.8623501657173931,50138,3,25,72.51914763450623,1.2064862251281738,,,1.2071874141693115
chair,biased,ours,1,36.46136713027954,0.9749919583400091,0.07587762971719106,0.45671,0.5216940692066894,0.48704396444421105,0.012455341531529445,0.69429,0.7409613920302321,0.7168668676850636,0.903135,0.8944767195916411,0.8987850082907894,52536,4,30,58.232508182525635,,,,
chair,biased,random,0,14.911302916208903,0.8656446903944015,0.3401546017577251,0.1447,0.409825432189289,0.21388285043542343,0.13960596158366662,0.226965,0.6144138300572493,0.3314807312883189,0.331695,0.7882554499562875,0.46691421300550534,59902,0,10,121.24863862991333,1.710575819015503,,,0.0010044574737548828
chair,biased,random,0,23.878989108403523,0.9428290774424871,0.1611407769223054,0.29845,0.4818522800981415,0.3685977003096876,0.09098027416713952,0.470145,0.7208748131644999,0.5691184735789343,0.60086,0.8594785526946614,0.7072692591990929,59703,1,15,154.15339827537537,1.9881987571716309,,,0.00022912025451660156
chair,biased,random,0,29.443853108088174,0.963181824485461,0.11187262696524461,0.39371,0.4822753038720776,0.4335155145826598,0.04481424023743976,0.586625,0.6908542260075016,0.6344875941321503,0.75931,0.8459417919287064,0.8002882354769099,60854,2,20,136.6874668598175,1.3005893230438232,,,0.0001761913299560547
chair,biased,random,0,34.633697191874184,0.9739228278398514,0.0833652622376879,0.477235,0.51429820355904,0.4950738962538109,0.018882682825748526,0.71614,0.730421049662991,0.7232100306136662,0.908675,0.8656335486054316,0.8866322212078335,58791,3,25,72.58740282058716,0.8401784896850586,,,0.0001285076141357422
chair,biased,random,0,35.69294077555339,0.9757263441880544,0.08006837548067172,0.49164,0.5264248850785415,0.5084381836429757,0.018259003168335723,0.72214,0.7245410192052794,0.7233385171477903,0.905115,0.8574550889760004,0.880640682277095,60110,4,30,59.003034353256226,,,,
chair,biased,random,1,15.290443992614746,0.8746655652920405,0.3395632166415453,0.123285,0.3842606954510844,0.18667710223247336,0.1339155381112146,0.19741,0.5987407992329169,0.2969221943643142,0.300935,0.7936067006965791,0.43639092475350116,60287,0,10,60.29511618614197,1.1451735496520996,,,0.0002846717834472656
chair,biased,random,1,19.006524737675985,0.9117609550555547,0.23107905369251966,0.208185,0.4378719084012522,0.28219917491818897,0.12472352598885127,0.32633,0.6478679601793621,0.4340365307404388,0.456235,0.8172396288671423,0.5855685125158457,60606,1,15,55.93965983390808,1.1419484615325928,,,0.00017952919006347656
chair,biased,random,1,28.417345905303954,0.9586728831132253,0.1180317623540759,0.423985,0.4845878338362616,0.452265278198036,0.0235716099747807,0.63295,0.679510138469782,0.6554041978690556,0.81915,0.8145111255252545,0.8168239765875459,56930,2,20,55.92682719230652,0.9128718376159668,,,8.034706115722656e-05
chair,biased,random,1,33.77100712458293,0.9722087164719899,0.08058696252604326,0.40703,0.5035322485123664,0.4501674244607232,0.01567186169708208,0.61744,0.7204165374094024,0.6649651504777785,0.8226,0.879572181956626,0.8501326534966923,49059,3,25,58.125818490982056,0.9962379932403564,,,7.700920104980469e-05
chair,biased,random,1,33.20450881322225,0.9717436254024505,0.08770913903911909,0.47594,0.5353013339349671,0.5038783687403992,0.018410361528305493,0.696175,0.7324938661552779,0.7138727935507854,0.859705,0.8519275783299022,0.8557986194008323,58896,4,30,49.80519509315491,,,,
chair,uniform,fps,0,28.915022627512613,0.9532995104789734,0.11755923486004273,0.30773,0.4169251811951832,0.3541005138404896,0.018215844150151744,0.48639,0.6160001692095096,0.5435758240055045,0.7401,0.8468442426464368,0.789882098110065,43201,0,10,55.796022176742554,1.1836175918579102,,,0.002141714096069336
chair,uniform,fps,0,33.48917525609334,0.9691682110230128,0.08362888290236394,0.42976,0.47340590541188415,0.4505283485364266,0.015188697560879552,0.679685,0.7039115598296625,0.6915861782739987,0.91031,0.870533573986858,0.8899775694075922,55265,1,15,68.05452108383179,1.124469518661499,,,0.002247333526611328
chair,uniform,fps,0,35.118351713816324,0.9739888538916905,0.07637544653067986,0.442865,0.4839885501565188,0.4625144700128097,0.01565336208157726,0.67528,0.6926027242731041,0.6838316755490556,0.900635,0.8563763783524634,0.8779482580706982,57984,2,20,69.57389974594116,0.9970970153808594,,,0.0018763542175292969
chair,uniform,fps,0,36.68492762247721,0.9769203315178553,0.07089443542063237,0.461885,0.5019811613412674,0.48109909447068877,0.014721290974319541,0.68748,0.7069573310020023,0.6970826370060208,0.88706,0.851264841084069,0.8687938779740592,60268,3,25,71.02008867263794,1.2913439273834229,,,0.0026454925537109375
chair,uniform,fps,0,37.402578830718994,0.9780555446942647,0.0696035078416268,0.473375,0.5240982543218929,0.4974469441955859,0.013594338232216202,0.700145,0.7329309907216786,0.7161629555183741,0.90685,0.8793677204658902,0.892897442643774,58990,4,30,69.29297709465027,,,,
chair,uniform,fps,1,23.732305256525674,0.9365879108508428,0.15613799039274454,0.223345,0.38662257818889423,0.28313052304185815,0.08037569632760128,0.35707,0.5816999915395246,0.44251013102451314,0.536355,0.8095758481626667,0.6452338240616773,48529,0,10,66.71291327476501,0.9762914180755615,,,0.001967191696166992
chair,uniform,fps,1,32.60748001734416,0.9675160050392151,0.08915994527439276,0.36912,0.43826673059025917,0.4007324110397715,0.01727156061323718,0.589355,0.6550170619588821,0.6204536285443104,0.862545,0.8650201641332242,0.8637808089243847,51580,1,15,64.82015657424927,0.9952073097229004,,,0.0009777545928955078
chair,uniform,fps,1,35.242331949869794,0.974122209350268,0.07575877737253904,0.4108,0.4775938407738515,0.4416859748126991,0.01590499874614293,0.60974,0.6747299698243041,0.6405908451981104,0.830395,0.843565808398432,0.8369285899055366,52893,2,20,70.65034317970276,1.0606489181518555,,,0.0017096996307373047
chair,uniform,fps,1,37.04196252822876,0.977511289715767,0.06846427445610365,0.397615,0.49439493499534676,0.44075482652376574,0.01511934321411495,0.577195,0.6829436814348966,0.6256322165381931,0.802635,0.8524070052736964,0.8267726069764748,52350,3,25,68.580326795578,0.9461915493011475,,,0.003124237060546875
chair,uniform,fps,1,37.82283093134562,0.9789964685837428,0.06973627849171558,0.445685,0.49741250458275754,0.4701301636951005,0.01525910618275728,0.65563,0.6952113708790434,0.6748407931759153,0.87737,0.8613539580924447,0.8692882141460521,55308,4,30,69.36248540878296,,,,
chair,uniform,ig,0,28.774291960398354,0.9531350980202357,0.11748925000429153,0.29542,0.40251417129642686,0.34075057899375044,0.018291795091180986,0.469815,0.6013917482162497,0.5275225621173535,0.73439,0.843199187794354,0.7850422103742462,43650,0,10,68.43668007850647,1.090071678161621,0.9355106353759766,"[500, 424, 262, 243, 192]",0.9570932388305664
chair,uniform,ig,0,32.642282994588214,0.9659068028132121,0.08935149299601713,0.317665,0.427380918807637,0.3644445426673918,0.016532662182670257,0.486025,0.624474745480696,0.5466193745787423,0.728945,0.8285132124425393,0.7755464112218787,43248,1,15,69.38231134414673,1.2542088031768799,1.0823161602020264,"[212, 167, 138, 125, 106]",1.0877668857574463
chair,uniform,ig,0,33.954336706797285,0.9707637071609497,0.07806424386799335,0.372645,0.48169717138103163,0.42021112486844026,0.015236645871111856,0.548525,0.6652612876843679,0.601279568783462,0.762245,0.8351335345046391,0.7970263118702748,45694,2,20,69.74062490463257,1.2843008041381836,1.2883386611938477,"[140, 131, 98, 88, 80]",1.3034651279449463
chair,uniform,ig,0,35.357831954956055,0.9748014599084854,0.07181255711863438,0.42808,0.5177035449392255,0.4686453569708162,0.014009256737302512,0.626115,0.7097140359288192,0.6652986147985644,0.833405,0.858625454750557,0.8458272664151081,52474,3,25,66.8568127155304,1.0280876159667969,0.8643679618835449,"[70, 63, 57, 52, 49]",0.8672175407409668
chair,uniform,ig,0,35.87952686945597,0.9760035514831543,0.07250825924177964,0.448675,0.5197693110352802,0.48161260894692504,0.01437491057818791,0.65475,0.7125976479878169,0.6824501591919664,0.849435,0.8599791308271525,0.8546745458816224,53830,4,30,69.21053767204285,,,,
chair,uniform,ig,1,23.952752955754598,0.9366128583749135,0.15534044007460276,0.21591,0.38605149609408046,0.27693591388325534,0.08391996392246827,0.345995,0.583342733861643,0.43436021555648474,0.51839,0.8002552243436081,0.6291977524947745,48285,0,10,66.86126947402954,1.1490836143493652,1.0620625019073486,"[2977, 1446, 704, 566, 410]",1.0809624195098877
chair,uniform,ig,1,32.930880546569824,0.9669353286425273,0.08629589267075062,0.356835,0.4466567021066584,0.39672530252234617,0.015776535405575467,0.547575,0.6509560337290956,0.5948068763145227,0.78354,0.8444894103048591,0.8128738072690754,49679,1,15,70.26102495193481,1.3778562545776367,1.6264350414276123,"[269, 197, 122, 119, 118]",1.633375644683838
chair,uniform,ig,1,34.88015562693278,0.9734150687853496,0.07248747628182173,0.3237,0.44480244789757184,0.37470941772103344,0.016292209665979166,0.483085,0.6405143969091063,0.5507708499702344,0.70447,0.8563622775599988,0.773025445906057,46004,2,20,72.33647418022156,1.3328981399536133,1.432758092880249,"[203, 120, 97, 97, 91]",1.4423441886901855
chair,uniform,ig,1,36.23980957667033,0.976560894648234,0.06764715456714233,0.34782,0.4646845652725683,0.3978478211722647,0.016300447770338115,0.509695,0.6587678727544488,0.5747220536191407,0.721355,0.8342733861643025,0.7737159900513524,48074,3,25,69.82340955734253,1.192141056060791,1.0454480648040771,"[103, 74, 66, 62, 57]",1.0524275302886963
chair,uniform,ig,1,36.94374914169312,0.9779838889837265,0.06528955971201261,0.38533,0.4894808088214558,0.43120555475822014,0.013351869629292369,0.577805,0.6991525423728814,0.6327130250471543,0.782695,0.8809681604106151,0.8289290653552742,47454,4,30,69.31242370605469,,,,
chair,uniform,ours,0,28.70422910054525,0.9527539114157358,0.11839756121238072,0.29418,0.40775966609323444,0.3417807665406241,0.018850684066691818,0.46344,0.6022659973490511,0.5238107967971318,0.721145,0.8425082489635918,0.7771168084759899,42480,0,10,44.20046925544739,0.9418587684631348,,,0.9428050518035889
chair,uniform,ours,0,32.94385007222493,0.9660059054692586,0.09029663366576036,0.36345,0.44020558955413297,0.3981624058938316,0.016477179839741268,0.552975,0.6367635861135396,0.5919188435862521,0.822015,0.8404495332637695,0.8311300593336678,55211,1,15,66.03524827957153,1.1467006206512451,,,1.1477725505828857
chair,uniform,ours,0,35.03295739491781,0.9713104546070099,0.08190467497333884,0.38908,0.4677303364449082,0.4247953404929219,0.014181619908846397,0.61855,0.7003299585436702,0.6569045090889425,0.86133,0.8779646916156688,0.8695677983434277,55967,2,20,68.13159036636353,1.4440765380859375,,,1.445173740386963
chair,uniform,ours,0,35.48617693583171,0.9729330132404963,0.07944178202499946,0.428535,0.49445838856143715,0.45914245577084384,0.01374094611961988,0.649245,0.7013452156011167,0.6742902017845338,0.905485,0.8883217236808708,0.8968212520874397,58871,3,25,70.66091346740723,1.1160085201263428,,,1.116807222366333
chair,uniform,ours,0,35.89349568684896,0.973735166589419,0.08009834786256155,0.461625,0.5157012324092614,0.487167075878172,0.013721175435798939,0.710745,0.7449166643165346,0.7274297421691625,0.91832,0.879466426013142,0.8984733632987,62007,4,30,70.72016096115112,,,,
chair,uniform,ours,1,23.888348007202147,0.9371193518241246,0.1545373432338238,0.22017,0.3902253306635833,0.28150907038819833,0.08128464738939843,0.35494,0.5963718660988747,0.4450196359290109,0.534395,0.8159141543754759,0.6458083219159451,48556,0,10,66.15188217163086,1.3158297538757324,,,1.3174481391906738
chair,uniform,ours,1,32.295881525675455,0.9670551061630249,0.09174122257779042,0.38174,0.4491384415804168,0.4127056380540693,0.017409228748522437,0.570155,0.6320468710341521,0.5995077739223379,0.82827,0.847824247722722,0.8379330584964446,50777,1,15,69.64235162734985,1.2298657894134521,,,1.2310106754302979
chair,uniform,ours,1,34.7826579729716,0.9719504475593567,0.0805051676928997,0.409765,0.47558447784765506,0.44022813237323133,0.015562459434325267,0.61299,0.6678558334978426,0.6392478105781841,0.849755,0.8547970895964353,0.8522685875114461,55738,2,20,70.51222085952759,1.29183030128479,,,1.2931106090545654
chair,uniform,ours,1,35.857762749989824,0.9741032630205154,0.07452683510879675,0.3951,0.48484164810062325,0.435394632310098,0.012883153567949356,0.600905,0.7026988916777123,0.64782758044725,0.876785,0.8993978961617642,0.8879475037061425,49953,3,25,71.36857604980469,1.320542335510254,,,1.3218727111816406
chair,uniform,ours,1,36.23330055872599,0.9754092345635096,0.07543336031958461,0.4194,0.49625623960066556,0.4546026289937988,0.01462826389313658,0.61764,0.6938224428212866,0.6535185142812904,0.85311,0.8626371302067176,0.8578471141746707,58310,4,30,68.11563301086426,,,,
chair,uniform,random,0,28.94290606180827,0.9537371079126994,0.11529618451992671,0.30513,0.4137736540793593,0.3512424908478702,0.018413530340567454,0.478285,0.6118122338475422,0.5368706665422046,0.739305,0.8496714515355763,0.790655332708617,42932,0,10,68.2889142036438,1.2058453559875488,,,9.34600830078125e-05
chair,uniform,random,0,32.73297513326009,0.9656142522891362,0.09003337838997444,0.39651,0.4580712936067007,0.4250733077983413,0.015518214199260257,0.63317,0.6856510335880877,0.6583663042677315,0.889325,0.859386897543642,0.874099677289953,56956,1,15,67.10548710823059,1.1102511882781982,,,8.177757263183594e-05
chair,uniform,random,0,34.78853495915731,0.9719294855991999,0.07946424589802821,0.427705,0.4823810598155616,0.4534006184650868,0.014904482389275078,0.651135,0.6917425759327674,0.6708248171723633,0.896395,0.8610155390732959,0.8783491472113192,55629,2,20,67.23321795463562,1.1931407451629639,,,7.796287536621094e-05
chair,uniform,random,0,35.916827042897545,0.974267519513766,0.07647159590075413,0.46553,0.5109915677261062,0.487202561388291,0.013581035778345463,0.701795,0.7360049634789475,0.7184929982817753,0.897715,0.8699906934769734,0.8836354357817254,57722,3,25,70.72211694717407,1.2586898803710938,,,7.987022399902344e-05
chair,uniform,random,0,36.880971336364745,0.9764002710580826,0.07486026020099719,0.50734,0.5448616712259229,0.5254318213687881,0.013748072441758265,0.744355,0.7552454947968076,0.7497607025738552,0.930045,0.877287853577371,0.9028964201755845,60894,4,30,70.07255244255066,,,,
chair,uniform,random,1,23.816692034403484,0.9369108964999516,0.15746984519064428,0.222605,0.38410558673397444,0.2818603334258527,0.07745501981199607,0.35525,0.5846259059759158,0.4419484567641764,0.535905,0.8156885416960433,0.6468387935460016,48449,0,10,68.10698866844177,0.8839974403381348,,,0.00010156631469726562
chair,uniform,random,1,31.376573530832925,0.96498122215271,0.09179813154041767,0.330825,0.43651823232465664,0.3763925662608968,0.031162569273188927,0.50261,0.6379198510956315,0.5622385000290386,0.719995,0.8573352322400519,0.7826859181669873,47343,1,15,70.63567543029785,1.1637835502624512,,,0.0005321502685546875
chair,uniform,random,1,34.04128532409668,0.9708535075187683,0.08244171937306723,0.380335,0.4693519275783299,0.42018056199657783,0.018292739399332437,0.55179,0.6567444090357878,0.5997098547669506,0.7557,0.8273287458755182,0.7898938473316804,48661,2,20,68.76974034309387,0.998150110244751,,,7.963180541992188e-05
chair,uniform,random,1,35.16636136372884,0.9740944623947143,0.0776425996174415,0.43406,0.5022631771905581,0.46567757800352805,0.015202024429540259,0.6537,0.7147973716122846,0.6828848217259608,0.876585,0.8731210694041005,0.8748496058932397,53141,3,25,69.58931756019592,0.8691418170928955,,,0.00013589859008789062
chair,uniform,random,1,36.876180458068845,0.9772509664297104,0.06896058327207963,0.404525,0.49254773118249245,0.44421787449487093,0.014324145448207018,0.6011,0.6969246171634846,0.6454752580770322,0.85897,0.8883287740771031,0.8734027384321146,50033,4,30,66.43518686294556,,,,
table,biased,fps,0,13.230183442433676,0.7986578633387883,0.4117313250899315,0.14875,0.3795513531559279,0.21373507163923783,0.11500343105455439,0.252295,0.6442863758251935,0.3626000619056125,0.31048,0.8699990307677397,0.4576401478255714,109129,0,10,75.43591237068176,1.1019668579101562,,,0.0023505687713623047
table,biased,fps,0,21.397527360916136,0.9097596089045207,0.16994281507407624,0.27224,0.4172867958258397,0.32950759269497676,0.06328454822904885,0.45614,0.680681047201611,0.5462352296077421,0.553,0.9084613976329194,0.6875024598045373,70836,1,15,74.30617070198059,1.2845757007598877,,,0.0023179054260253906
table,biased,fps,0,28.12903292973836,0.9518189380566279,0.08910247044016918,0.41195,0.4325198961844557,0.42198442369168315,0.036039895615333314,0.63245,0.6546571610110169,0.6433620043822812,0.699155,0.8938044520068492,0.784587267247229,73140,2,20,74.62848281860352,1.1893434524536133,,,0.002775907516479492
table,biased,fps,0,31.833389472961425,0.9633539766073227,0.06747336694970726,0.456965,0.4302691234909592,0.4432154373017635,0.016074050323238026,0.699575,0.6488471520725416,0.6732568813312239,0.78227,0.899097537073134,0.8366249672579561,69001,3,25,74.06195259094238,1.1705989837646484,,,0.0014257431030273438
table,biased,fps,0,32.828831322987874,0.9671297202507655,0.06220366563647985,0.42883,0.4043313912790635,0.41622051222516343,0.015364050018916537,0.69274,0.6362579019352338,0.6632987130300128,0.79818,0.8897390611370172,0.8414762771148018,66498,4,30,71.25078749656677,,,,
table,biased,fps,1,13.249135716756184,0.8106961876153946,0.40492938657601674,0.140995,0.3832990512293096,0.20615625754807468,0.11533916598317352,0.23456,0.6494502299234306,0.34464543683851834,0.28709,0.8815059715476485,0.43312069446286916,101131,0,10,78.35446977615356,1.3326420783996582,,,0.0013413429260253906
table,biased,fps,1,18.547037506103514,0.8980695148309071,0.2033332866926988,0.237265,0.4086337055903163,0.300215731407219,0.08697924628167258,0.395035,0.6677579503968467,0.49640480177539764,0.477805,0.898849844384376,0.623939910062399,77328,1,15,74.12020134925842,1.1013591289520264,,,0.0017232894897460938
table,biased,fps,1,25.588340218861898,0.9425208578507106,0.10607212592537205,0.340285,0.42202526465425333,0.37677274947361905,0.055781620403197854,0.53454,0.6486802287388135,0.5861048028897192,0.627785,0.8942782988896906,0.7377019106603557,74865,2,20,76.20767736434937,1.132859706878662,,,0.0022051334381103516
table,biased,fps,1,31.34193213780721,0.9611173808574677,0.06963925069818894,0.409405,0.3903690621062494,0.3996604877400417,0.016480265890929803,0.710425,0.6747094995530762,0.6921067901704184,0.7995,0.9293106604779392,0.8595318041904142,66691,3,25,76.12547421455383,1.6739163398742676,,,0.002694368362426758
table,biased,fps,1,33.02197914123535,0.9671966294447581,0.061746933435400324,0.4498,0.4292137372519035,0.43926580628757544,0.01453892770347417,0.707705,0.661614094790915,0.6838838437807653,0.79626,0.9028613890175216,0.8462166555796068,69664,4,30,75.08646082878113,,,,
table,biased,ig,0,13.263396867116292,0.7996699452400208,0.40979575713475547,0.15158,0.3834821284340437,0.21727652898236366,0.1125263568769989,0.25684,0.6455894547530073,0.36748178970763995,0.31877,0.8700205692624142,0.46658589668296807,108765,0,10,80.90650391578674,1.2723243236541748,1.4209396839141846,"[16632, 9368, 5685, 4258, 4176]",1.4329204559326172
table,biased,ig,0,21.346451091766358,0.9034389158089956,0.1766781254361073,0.30158,0.4261606556317779,0.3532069550624663,0.06585961643794723,0.4843,0.6696694917992182,0.5620962030334,0.57678,0.9021506186932595,0.7036738941947903,79020,1,15,79.42653703689575,1.1464636325836182,1.111689805984497,"[2402, 975, 883, 655, 332]",1.1259005069732666
table,biased,ig,0,29.243724377950034,0.9517909328142802,0.08265450031807026,0.417255,0.42812065864716714,0.4226180008771236,0.01820064329152065,0.671925,0.6752102695542609,0.6735636288705641,0.768085,0.9021613879405969,0.8297418089444155,67181,2,20,77.45340919494629,1.2501442432403564,1.2128808498382568,"[254, 157, 116, 72, 59]",1.220961332321167
table,biased,ig,0,31.34283711115519,0.9606692234675089,0.0687394459421436,0.459965,0.43604144006375395,0.447683837997088,0.014502772672520592,0.704695,0.6465802255080393,0.6743879313602896,0.808585,0.8881936741441141,0.8465218156635326,66651,3,25,74.69519448280334,1.215989112854004,1.2659337520599365,"[83, 65, 51, 44, 44]",1.2721002101898193
table,biased,ig,0,31.865955034891766,0.9645374248425166,0.06642285976558923,0.44815,0.423576036270825,0.4355166480212731,0.014150894146373053,0.708305,0.663084097052457,0.6849489796472771,0.806775,0.8978159966399948,0.849864280777038,67331,4,30,69.15425205230713,,,,
table,biased,ig,1,13.259454568227133,0.8111224015553792,0.4043058181802432,0.1334,0.36745210377246734,0.19573886292595322,0.11618002231861115,0.228035,0.6375555962393789,0.33592091000083035,0.27906,0.8730305738931906,0.42293187266927557,99991,0,10,79.8895423412323,1.2389299869537354,1.2425236701965332,"[19526, 12103, 5733, 5058, 4708]",1.2567954063415527
table,biased,ig,1,23.584362570444743,0.9169425437847774,0.14489522421111664,0.32736,0.4326868195181839,0.3727253469128789,0.05403158975616453,0.521655,0.666794102760158,0.5853620098117865,0.61801,0.89471983803052,0.7310569186909709,76070,1,15,76.94318771362305,1.2585959434509277,1.166532039642334,"[1470, 1034, 526, 453, 152]",1.175281286239624
table,biased,ig,1,27.598307005564372,0.9438738534847896,0.09744189611325661,0.40837,0.4342214372637496,0.4208991463555342,0.025760289803666816,0.63522,0.6534456206855703,0.6442039277047904,0.745865,0.8777259657322549,0.8064408970588576,69765,2,20,76.0682852268219,1.2607347965240479,1.0965816974639893,"[169, 75, 72, 72, 62]",1.1030428409576416
table,biased,ig,1,30.71368538538615,0.9574725925922394,0.07852381790677707,0.42329,0.4114283252743466,0.41727488311254984,0.01665581821004456,0.671725,0.6359940553754698,0.6533713875178286,0.787605,0.8717813412020634,0.8275581474776541,64222,3,25,72.78898334503174,1.585463047027588,1.524836778640747,"[73, 66, 57, 50, 36]",1.532935380935669
table,biased,ig,1,32.08453702926636,0.9639220784107844,0.07078147772699594,0.424135,0.3994098452459158,0.4114012629458969,0.015743138990632174,0.660105,0.6063032404665238,0.6320612702278674,0.77572,0.8246012686173363,0.799414103449991,65978,4,30,69.69747233390808,,,,
table,biased,ours,0,13.260514307022095,0.7996418674786886,0.41112769544124605,0.147855,0.37734904207544934,0.2124619696207536,0.1154068736736543,0.252015,0.6490625370192877,0.36306197535010676,0.310375,0.865879793661221,0.456954466678254,110741,0,10,77.81790328025818,1.159740924835205,,,1.1617443561553955
table,biased,ours,0,16.99758202234904,0.8638798882563908,0.27083785583575565,0.22652,0.41295217377257504,0.29255980241051555,0.09632053145334922,0.370465,0.6632187126441733,0.47538587940255406,0.450545,0.8993183066435487,0.6003324402886555,106142,1,15,67.95548415184021,1.3255565166473389,,,1.3272106647491455
table,biased,ours,0,20.262260913848877,0.8949763377507528,0.21272907915214698,0.28535,0.4123544805453547,0.33729280606495415,0.07578875489020326,0.44887,0.6372379034429284,0.5267192639178832,0.53634,0.859477476119194,0.6605049118935153,100562,2,20,74.21158361434937,1.4044604301452637,,,1.4055149555206299
table,biased,ours,0,27.24037224451701,0.9409109205007553,0.11208017695074281,0.38594,0.40804678161043323,0.3966856339228035,0.031188059686139524,0.59715,0.6214609560937786,0.6090629795762994,0.70446,0.8268574259345014,0.7607671308492422,79122,3,25,75.37564945220947,1.409235954284668,,,1.4106266498565674
table,biased,ours,0,28.99450928370158,0.9480482111374537,0.09910516754413644,0.392125,0.38869982876896736,0.39040490194537464,0.020838476796427443,0.634915,0.6218540336215902,0.6283166487944077,0.75192,0.8319943569143953,0.7899331098554884,78774,4,30,75.09240126609802,,,,
table,biased,ours,1,13.223847675323487,0.8097204605738322,0.40508454690376916,0.13881,0.3766382717511873,0.20285705226699846,0.11485953799747337,0.234595,0.6515233100358616,0.3449745010046735,0.28733,0.8878490582293204,0.4341562557886394,99403,0,10,76.04982233047485,1.2748119831085205,,,1.2763655185699463
table,biased,ours,1,19.99052176475525,0.8946793725093206,0.19294651312132677,0.218815,0.37917442949912233,0.2774933759626673,0.0917965634946366,0.38042,0.655351777464273,0.4813974055043379,0.45764,0.9104052467773027,0.609099528128381,98660,1,15,77.37397503852844,1.2082242965698242,,,1.2089955806732178
table,biased,ours,1,22.552480697631836,0.9175699492295583,0.15155683159828187,0.305275,0.39581830125892503,0.3447000041216842,0.06694623217211199,0.511875,0.6587656288701983,0.576104481532261,0.593285,0.9170121800187385,0.7204536675565628,91581,2,20,76.96673941612244,1.1927497386932373,,,1.1963820457458496
table,biased,ours,1,28.25802205403646,0.9467328757047653,0.0957260391054054,0.36964,0.39945292223526496,0.38396863085388316,0.023060496473539818,0.62326,0.6543340835908978,0.6384191445104599,0.73768,0.9033567743950375,0.812155139645049,72918,3,25,76.64005136489868,1.2678003311157227,,,1.2696523666381836
table,biased,ours,1,29.126101779937745,0.9511505077282588,0.08713482208549976,0.46245,0.45519993107681705,0.45879632525979525,0.02092200292478633,0.68573,0.6561325478962275,0.6706048585591425,0.777675,0.9093552451619157,0.8383760069617716,76567,4,30,75.48195004463196,,,,
table,biased,random,0,13.264943250020345,0.7990911106268564,0.41141411463419597,0.15108,0.37999289229675737,0.2162013049467207,0.11364177127704952,0.257,0.6518894644453299,0.36865999423745577,0.318085,0.876891349063614,0.4668309711492895,107152,0,10,76.18672370910645,1.1206884384155273,,,8.821487426757812e-05
table,biased,random,0,19.759129810333253,0.9004168977340062,0.19474058840423822,0.24345,0.39256598856305935,0.3005276333747426,0.08734525930669122,0.40501,0.6487394595991686,0.49868774050371345,0.46463,0.8971213801867387,0.6121961951953433,81478,1,15,74.29027771949768,1.1116187572479248,,,8.368492126464844e-05
table,biased,random,0,25.397325785954795,0.9391930311918258,0.11582835831989845,0.3678,0.42670450262231174,0.3950686636677065,0.05176390184678239,0.57718,0.6613233251128079,0.6163933338714992,0.65552,0.9073898575228577,0.7611599562704588,78876,2,20,71.80366683006287,1.112461805343628,,,8.368492126464844e-05
table,biased,random,0,27.82916800181071,0.9528226971626281,0.09070132300257683,0.38328,0.4121498648459459,0.397191021307073,0.039627204185435805,0.628125,0.6692979527660812,0.6480581766877239,0.706485,0.9070883185974132,0.7943169156036153,75379,3,25,74.94071865081787,1.0411295890808105,,,7.963180541992188e-05
table,biased,random,0,31.02025245030721,0.9605746418237686,0.07845175458739201,0.40693,0.41135294054298543,0.4091295169469899,0.028542788577272167,0.658585,0.6610594785530439,0.659819919316787,0.745515,0.9048536997749227,0.8174924864725089,72511,4,30,74.73358798027039,,,,
table,biased,random,1,13.252756277720133,0.8089530169963837,0.40389580801129343,0.13849,0.3749636537902366,0.2022722636408564,0.11526099996556968,0.231835,0.6432148357151318,0.3408256429558665,0.28356,0.8797775073500113,0.4288862147193053,100109,0,10,75.91639256477356,1.111642837524414,,,0.00022792816162109375
table,biased,random,1,18.179661798477174,0.8892159402370453,0.22599080093204976,0.22674,0.3958990706139548,0.2883409008769525,0.08743989872625045,0.37512,0.6538871598263998,0.47674333273922115,0.44288,0.9265214254175775,0.5992951391354229,87126,1,15,76.56507015228271,1.31441330909729,,,8.20159912109375e-05
table,biased,random,1,23.672533003489175,0.927726689974467,0.13220411458363135,0.34558,0.40003984621514804,0.3708210578266721,0.04718709255648359,0.568075,0.6522879265968101,0.6072758452845177,0.65404,0.9155744854992085,0.7630183615506705,77825,2,20,77.02490878105164,1.1288471221923828,,,8.034706115722656e-05
table,biased,random,1,27.827515252431233,0.9487998654445012,0.09340015047540268,0.3636,0.3874398268305028,0.37514154643456354,0.02842798802454607,0.625985,0.6470756108855552,0.63635560289377,0.7266,0.9002175387962136,0.8041443469724795,72373,3,25,76.8484435081482,1.1524136066436768,,,8.344650268554688e-05
table,biased,random,1,29.053301302591958,0.9548777520656586,0.08274141810834408,0.345385,0.3605490162292557,0.3528041406348672,0.026703331457089922,0.65125,0.663934867592104,0.6575312614583092,0.737455,0.9061029324660499,0.8131263582040528,75595,4,30,72.51604461669922,,,,
table,uniform,fps,0,19.943906211853026,0.8920800546805064,0.18984891064465045,0.281715,0.42077064733945746,0.3374799282068612,0.06569607746483246,0.450945,0.6480771508879244,0.5318312293724783,0.547565,0.8870898262920405,0.6771515096617718,63460,0,10,69.07332348823547,1.0305674076080322,,,0.0022470951080322266
table,uniform,fps,0,25.210373449325562,0.9350782463947932,0.11412034146487712,0.33788,0.40790139677137965,0.36960354478609553,0.04801521094364163,0.548675,0.6514748484228438,0.5956722203117184,0.6575,0.9022313880482893,0.7606657687180995,70935,1,15,72.22683215141296,1.1810109615325928,,,0.0020651817321777344
table,uniform,fps,0,28.674264732996622,0.9549343665440877,0.08028324752425155,0.395925,0.41989833830513584,0.40755943545042445,0.03660640861604118,0.63636,0.6591317832796666,0.647545753699775,0.715255,0.8993506143855606,0.7968076141456242,67291,2,20,72.62597727775574,1.032090663909912,,,0.0030434131622314453
table,uniform,fps,0,30.592378616333008,0.9608818272749583,0.0707262307095031,0.34846,0.36666594871684416,0.3573312273708633,0.034210996600015184,0.62711,0.6494609991707679,0.6380898319866933,0.72177,0.9009821553571621,0.8014802360610759,70590,3,25,72.61258292198181,1.0777003765106201,,,0.0029795169830322266
table,uniform,fps,0,33.477921390533446,0.9672167311112086,0.06115146285543839,0.39654,0.36747364226714196,0.38145391664004163,0.014802333117341679,0.714265,0.6519163875636732,0.6816679875774768,0.804685,0.913183712590327,0.8555080261724128,71210,4,30,70.7973051071167,,,,
table,uniform,fps,1,18.933883333206175,0.8865299542744954,0.2140089927862088,0.22116,0.3997275380423662,0.28476571648444804,0.09732100056358808,0.36742,0.6431125278654275,0.46765917666686413,0.449225,0.8881075201654156,0.5966505633123483,69045,0,10,72.68335032463074,0.9605958461761475,,,0.002113819122314453
table,uniform,fps,1,25.30200481414795,0.933780022462209,0.11711440564443668,0.318785,0.4036260055784701,0.3562235768689605,0.05290022089266253,0.532545,0.6497840765908871,0.5853518583267178,0.64705,0.9038090827832043,0.7541751194639305,69718,1,15,74.0208649635315,1.3631181716918945,,,0.0026094913482666016
table,uniform,fps,1,31.104657904307047,0.9579368849595388,0.07038446751733621,0.392135,0.40170907955243007,0.3968643061471327,0.017068477535733026,0.628995,0.627594042452373,0.6282937402699693,0.75686,0.8903421389879062,0.8181926618046168,66450,2,20,73.71450877189636,0.9407086372375488,,,0.0016589164733886719
table,uniform,fps,1,32.474832661946614,0.9651291251182557,0.060476185226192074,0.3813,0.3728959583014743,0.37705115583108584,0.016282131721068623,0.65165,0.6244440376062117,0.6377570071080585,0.789735,0.8820336646671764,0.8333364189531683,69789,3,25,78.75264430046082,1.259528398513794,,,0.0033545494079589844
table,uniform,fps,1,33.35986852645874,0.9691666374603908,0.05754781865204374,0.38986,0.36483517666950255,0.3769326911669396,0.015112498947411322,0.699105,0.6461225324962039,0.6715703955933316,0.806345,0.8883767513488482,0.8453755325866862,67239,4,30,77.08307814598083,,,,
table,uniform,ig,0,19.84412775039673,0.8910590479771296,0.19100329764187335,0.28598,0.423112958635321,0.3412862656072688,0.06491671995773983,0.4488,0.6430532970050723,0.528646697294418,0.54686,0.8881344432837589,0.6769157942420213,63292,0,10,70.82867455482483,1.119128704071045,1.0699961185455322,"[1959, 1715, 953, 723, 521]",1.0804884433746338
table,uniform,ig,0,28.150747776031494,0.9422400375207265,0.09469297941153249,0.399695,0.41114294021990805,0.40533815535722856,0.01743704995926317,0.651165,0.6684364129790968,0.6596876792893043,0.78628,0.8980421508340782,0.8384531213439796,63752,1,15,72.46136951446533,1.09883713722229,1.2167284488677979,"[232, 212, 179, 120, 114]",1.2224864959716797
table,uniform,ig,0,30.706742890675862,0.9564445823431015,0.07355247745290398,0.40515,0.3998675382577512,0.4024914375797278,0.015272346254374857,0.661495,0.6446148378689813,0.6529458393359346,0.79045,0.8980959970707647,0.8408417444548122,61870,2,20,72.8264365196228,1.2757079601287842,1.1255509853363037,"[125, 89, 80, 70, 52]",1.1307859420776367
table,uniform,ig,0,31.65923941930135,0.9619174192349116,0.06806446739162007,0.40168,0.3877144426376041,0.39457368561731504,0.015450332911672107,0.676845,0.6469033029281583,0.6615355277160605,0.78887,0.897535996209225,0.8397019732153845,62764,3,25,69.43653750419617,1.359034538269043,1.276031732559204,"[33, 28, 27, 26, 24]",1.2841081619262695
table,uniform,ig,0,32.38009662628174,0.9650885383288066,0.06364459084967772,0.420395,0.4053383159051014,0.4127293837675524,0.01501942729860642,0.688145,0.657284857361319,0.6723610089283703,0.793015,0.9198606459394553,0.8517410961723271,63099,4,30,68.31236100196838,,,,
table,uniform,ig,1,18.80396951039632,0.8850521465142568,0.21585944704711438,0.223535,0.4024144652530235,0.2874152706687694,0.09636753503498012,0.36753,0.6456271471186878,0.4684117287339907,0.447095,0.8889690599523999,0.5949619240166949,69394,0,10,72.81857967376709,1.1152658462524414,1.0894834995269775,"[4716, 2520, 1863, 1059, 891]",1.1017963886260986
table,uniform,ig,1,27.779355414708455,0.9415636509656906,0.0979662075949212,0.37471,0.41557448549920845,0.39408572056945534,0.02711344038142665,0.60989,0.6518517720796494,0.6301731242810291,0.74078,0.9081383202128003,0.8159660749726151,65029,1,15,72.92111921310425,1.4422883987426758,1.0965123176574707,"[777, 407, 307, 229, 204]",1.1008319854736328
table,uniform,ig,1,30.976354948679607,0.9556296616792679,0.07453105185801784,0.403405,0.4083213974175345,0.4058483100938078,0.015743155126491545,0.65781,0.6458533013127713,0.6517768195342112,0.78307,0.8773651959464553,0.8275401119742898,65313,2,20,72.60712742805481,1.353858232498169,1.1283073425292969,"[132, 95, 85, 69, 54]",1.1380221843719482
table,uniform,ig,1,31.60374533335368,0.9611989766359329,0.06797867752611637,0.394305,0.3970352262080403,0.395665403287117,0.01570304878565585,0.65083,0.6363332866665948,0.6435000085090106,0.77857,0.897982919973723,0.8340238517671119,63829,3,25,71.66744875907898,1.1194188594818115,1.0610685348510742,"[83, 60, 40, 35, 34]",1.0683581829071045
table,uniform,ig,1,32.22456013361613,0.9648229827483495,0.06481432824706038,0.39564,0.38822059726245733,0.3918951855402185,0.016239621564012627,0.655985,0.6330971278417351,0.644337874891783,0.776595,0.8881721356494394,0.8286444691444478,63691,4,30,66.20769214630127,,,,
table,uniform,ours,0,19.960142771402996,0.8923537453015645,0.187947606574744,0.287385,0.42126603271697344,0.34167886088644,0.06404086315495369,0.454475,0.6455248392689835,0.5334089894444651,0.554605,0.8858513628482505,0.6821415875743697,63560,0,10,70.11079621315002,0.9955284595489502,,,0.9961936473846436
table,uniform,ours,0,27.254909229278564,0.938142591714859,0.1031467334056894,0.365345,0.3924582960896863,0.3784166073828136,0.028245309246519867,0.61294,0.6461225324962039,0.6290940042239995,0.7281,0.8942782988896906,0.8026784257003368,66032,1,15,70.09639596939087,1.460495948791504,,,1.4626469612121582
table,uniform,ours,0,30.420768547058106,0.9518829236427943,0.08047306273753445,0.39359,0.39006213855713623,0.3918181283786792,0.01693672977478728,0.655785,0.6403556005470777,0.647978463644327,0.775625,0.8865029023121574,0.8273657071147982,70920,2,20,74.69184875488281,1.171623706817627,,,1.1738202571868896
table,uniform,ours,0,31.980960019429524,0.9550334990024567,0.07573202196508647,0.39345,0.3825721270340416,0.3879348233454191,0.014729153657908854,0.67588,0.6514210021861572,0.6634251405406973,0.811415,0.8907836781287356,0.8492489713168062,67435,3,25,74.59540247917175,1.3448636531829834,,,1.3472416400909424
table,uniform,ours,0,32.8524302482605,0.9605657964944839,0.06988404695875942,0.402305,0.39208675705654933,0.3971301600160143,0.01439540605310322,0.68502,0.6567948566074717,0.6706105696441355,0.816165,0.8830728970352262,0.8483016913244069,66353,4,30,74.07777619361877,,,,
table,uniform,ours,1,18.918846813837686,0.8859068661928177,0.21489802325765292,0.21948,0.40335138977136886,0.2842745708738831,0.09646868521500179,0.36164,0.64146483302282,0.4625226288967451,0.44162,0.8867021333878975,0.5895940243772363,68778,0,10,71.23778462409973,1.289147138595581,,,1.2911667823791504
table,uniform,ours,1,22.60521845817566,0.920758718252182,0.14445052860925595,0.283075,0.37969673799498155,0.32434290102075314,0.0696742721743461,0.470075,0.6196194147990997,0.5345858296711303,0.576305,0.8798151997156919,0.6964286310582766,75305,1,15,72.15925121307373,1.1363868713378906,,,1.1413581371307373
table,uniform,ours,1,26.065025583902994,0.939369061589241,0.11270860796794295,0.34151,0.3810213554174699,0.3601853459036027,0.04035761363771651,0.59391,0.6578233197281842,0.6242349574981425,0.6945,0.9076106270932724,0.7868814673052917,73168,2,20,74.23193717002869,1.4267888069152832,,,1.4276151657104492
table,uniform,ours,1,30.5831174214681,0.9535278151432673,0.0850335399620235,0.367825,0.37088749367306717,0.36934989871897916,0.01930748634135705,0.6544,0.6563048558536244,0.6553510437571394,0.77463,0.8999106152471004,0.8325838782787547,76553,3,25,76.42761039733887,0.9332356452941895,,,0.9338223934173584
table,uniform,ours,1,32.58217347462972,0.9635824908812841,0.06913292665655414,0.37818,0.3649859461322248,0.37146585046491426,0.015077886806601555,0.69343,0.6597940919909108,0.6761940168182141,0.8002,0.9013106174009499,0.8477511085366178,71418,4,30,72.91829299926758,,,,
table,uniform,random,0,19.89833861986796,0.8916457990805308,0.1894245708050827,0.28991,0.4224721884187514,0.3438573118071415,0.0646112884511361,0.456205,0.6431125278654275,0.5337696222210381,0.5535,0.8861098247843459,0.6813815515486731,63798,0,10,69.46767711639404,1.1226365566253662,,,8.487701416015625e-05
table,uniform,random,0,28.46987288792928,0.9403226912021637,0.09394138166680932,0.379505,0.38821521263878866,0.38381069521690936,0.018066763535650777,0.634445,0.6410232938819906,0.6377171829950448,0.748945,0.8950698385689824,0.8155134181520569,63301,1,15,69.41908121109009,1.0349252223968506,,,0.0002434253692626953
table,uniform,random,0,30.098773988087974,0.9534094631671906,0.0758661231957376,0.36544,0.3537159287937366,0.3594823983032395,0.017385634451299082,0.660395,0.6320417416026793,0.6459073663104165,0.77652,0.8945098377074426,0.8313493433840073,66058,2,20,73.16722893714905,1.3329980373382568,,,8.225440979003906e-05
table,uniform,random,0,30.589919503529867,0.9573086967070897,0.07375030728677909,0.372395,0.3614428637582519,0.3668372045016072,0.016613795778151422,0.69013,0.6668910259861939,0.6783115293727724,0.776455,0.9211475709962631,0.8426349599814289,66975,3,25,73.60717988014221,1.0065722465515137,,,8.0108642578125e-05
table,uniform,random,0,31.958364137013753,0.9633153448502223,0.06570953174183766,0.34663,0.3232712665711793,0.3345433863862134,0.015281261937301366,0.713385,0.6617648642536373,0.6866060783008688,0.810085,0.9180675662577943,0.8607026705083204,68068,4,30,74.57477641105652,,,,
table,uniform,random,1,18.99249596595764,0.8861519197622935,0.21596771876017254,0.22455,0.4019836953595313,0.2881423280552681,0.09518761380283848,0.37055,0.6442540680831816,0.47049150163370224,0.45286,0.8845159761784249,0.5990266194503868,69516,0,10,72.79253053665161,1.18638014793396,,,8.273124694824219e-05
table,uniform,random,1,26.16066139539083,0.9378731836875279,0.10293717350189885,0.320125,0.39074060113938636,0.3519254124528084,0.046900350448843914,0.519545,0.6235986516902333,0.5668361294984399,0.62905,0.8873105958624552,0.7361873314965867,67173,1,15,73.66490006446838,1.4607133865356445,,,8.320808410644531e-05
table,uniform,random,1,28.732752386728922,0.9516921122868855,0.08083415403962135,0.323715,0.3546313148174074,0.33846863635433166,0.029719717463519164,0.56811,0.616722487265365,0.5914189828622678,0.68508,0.8935082977050733,0.7755342738593576,69401,2,20,78.15609741210938,1.2638609409332275,,,7.82012939453125e-05
table,uniform,random,1,29.56638100941976,0.9568144490321477,0.07680702802414695,0.33263,0.35942901450617615,0.34551063013173827,0.028039386037995315,0.595105,0.6419548337766674,0.6176427702584895,0.707745,0.9075783193512605,0.7953008663147751,68619,3,25,77.20668601989746,1.3552827835083008,,,8.058547973632812e-05
table,uniform,random,1,30.718584537506104,0.9626932213703792,0.06907430924475193,0.350805,0.3710651862541327,0.3606507794409851,0.027365875098656567,0.613335,0.6428971429186814,0.6277682375423091,0.717195,0.9048536997749227,0.8001690076261282,68738,4,30,75.84474921226501,,,,
